"instance";"dataset";"ts";"model";"preprocess";"augment";"window_size";"test_size";"strategy";"true";"pred";"mse";"smape";"r2"
"arima";"gdp";"brazil";"arima";"none";"none";0;1;"ro";1881458,564748;1869256,80653704;148882903,438794;0,650636318840807;-Inf
"arima";"gdp";"brazil";"arima";"none";"none";0;2;"ro";1476107,292037;1901248,98734042;90447171994,4523;12,913320731118;-1,20187115324781
"arima";"gdp";"brazil";"arima";"none";"none";0;3;"ro";1649622,886218;1314984,83993044;97625655337,3536;16,1340592451497;-2,54050955071354
"arima";"gdp";"brazil";"arima";"none";"none";0;4;"ro";1920095,477164;1788374,10329238;77556871586,6718;13,8764977080349;-1,38664598799465
"arima";"gdp";"brazil";"arima";"none";"none";0;5;"ro";2136919,783907;1876474,43779396;75611852931,7259;13,6969595766056;-0,447013260138954
"arima";"gdp";"brazil";"arima";"none";"none";0;1;"sa";1881458,564748;1869256,80653704;148882903,438794;0,650636318840807;-Inf
"arima";"gdp";"brazil";"arima";"none";"none";0;2;"sa";1476107,292037;1884512,00903565;83471647885,0917;12,4779805234166;-1,03205705097684
"arima";"gdp";"brazil";"arima";"none";"none";0;3;"sa";1649622,886218;1879630,79414624;73282311159,9037;12,6634421042217;-1,65766945853962
"arima";"gdp";"brazil";"arima";"none";"none";0;4;"sa";1920095,477164;1881192,63895287;55340091075,1481;10,0092875712766;-0,702972330339047
"arima";"gdp";"brazil";"arima";"none";"none";0;5;"sa";2136919,783907;1880692,89467706;57402516613,0089;10,5584663039523;-0,0985341515089153
"knn";"gdp";"brazil";"knn";"diff";"none";6;1;"ro";1881458,564748;1957480,3965793;5779318914,98648;3,96056476006151;-Inf
"knn";"gdp";"brazil";"knn";"diff";"none";6;2;"ro";1476107,292037;1904087,3179683;94473110755,5713;14,6416843201584;-1,29987972805869
"knn";"gdp";"brazil";"knn";"diff";"none";6;3;"ro";1649622,886218;1411180,547551;81933656793,377;14,95458147851;-1,97142071312522
"knn";"gdp";"brazil";"knn";"diff";"none";6;4;"ro";1920095,477164;1747899,1724614;68863134433,3404;13,5632174049469;-1,11911491726946
"knn";"gdp";"brazil";"knn";"diff";"none";6;5;"ro";2136919,783907;1996369,722037;59041371525,0045;12,2107502355164;-0,129897551520324
"knn";"gdp";"brazil";"knn";"diff";"none";6;1;"sa";1881458,564748;1957480,3965793;5779318914,98648;3,96056476006151;-Inf
"knn";"gdp";"brazil";"knn";"diff";"none";6;2;"sa";1476107,292037;1974208,1258239;126941879767,096;16,4166678539046;-2,09030848654245
"knn";"gdp";"brazil";"knn";"diff";"none";6;3;"sa";1649622,886218;1919536,5309226;108912378377,304;15,9860365119917;-2,94983587565462
"knn";"gdp";"brazil";"knn";"diff";"none";6;4;"sa";1920095,477164;1948833,4914344;81890752149,0296;12,360922342439;-1,52001184513911
"knn";"gdp";"brazil";"knn";"diff";"none";6;5;"sa";2136919,783907;1990855,54599;69779554038,8785;11,3041660525061;-0,335398301533663
"arima";"gdp";"canada";"arima";"none";"none";0;1;"ro";1743645,481081;1764571,79587694;437910650,938697;1,19298852630267;-Inf
"arima";"gdp";"canada";"arima";"none";"none";0;2;"ro";1647598,402303;1769933,12271467;7701847234,5697;4,17611655825319;-2,33953939032536
"arima";"gdp";"canada";"arima";"none";"none";0;3;"ro";2001486,745424;1634556,14648167;50013919636,4399;9,51173209702343;-1,24005201273774
"arima";"gdp";"canada";"arima";"none";"none";0;4;"ro";2137939,220075;2094871,16939088;37974153974,7624;7,64253968150473;0,0128010559700736
"arima";"gdp";"canada";"arima";"none";"none";0;5;"ro";2101647,88874;2182614,21970336;31690432529,7435;6,86997364524573;0,175708060694581
"arima";"gdp";"canada";"arima";"none";"none";0;1;"sa";1743645,481081;1764571,79587694;437910650,938697;1,19298852630267;-Inf
"arima";"gdp";"canada";"arima";"none";"none";0;2;"sa";1647598,402303;1798630,38894633;11624285820,1848;4,9790235666854;-4,04031814688111
"arima";"gdp";"canada";"arima";"none";"none";0;3;"sa";2001486,745424;1832688,98201572;17247085524,0023;6,25431734720943;0,227527677839662
"arima";"gdp";"canada";"arima";"none";"none";0;4;"sa";2137939,220075;1866747,57508511;31321541221,082;8,07666628471853;0,185746377934008
"arima";"gdp";"canada";"arima";"none";"none";0;5;"sa";2101647,88874;1900806,1681545;33124712322,414;8,46851879661114;0,138401366609629
"knn";"gdp";"canada";"knn";"diff";"none";6;1;"ro";1743645,481081;1766132,89269757;505683681,213114;1,28141490554356;-Inf
"knn";"gdp";"canada";"knn";"diff";"none";6;2;"ro";1647598,402303;1756987,75542886;6235857129,2533;3,8537074491864;-1,70388257275608
"knn";"gdp";"canada";"knn";"diff";"none";6;3;"ro";2001486,745424;1667878,25667514;41255446007,9343;8,6302867281005;-0,847772490903387
"knn";"gdp";"canada";"knn";"diff";"none";6;4;"ro";2137939,220075;2094033,77435614;31423506546,8936;6,99144999283227;0,183095626003212
"knn";"gdp";"canada";"knn";"diff";"none";6;5;"ro";2101647,88874;2217787,53946186;27836488931,4739;6,6686676864385;0,275952026743633
"knn";"gdp";"canada";"knn";"diff";"none";6;1;"sa";1743645,481081;1766132,89269757;505683681,213114;1,28141490554356;-Inf
"knn";"gdp";"canada";"knn";"diff";"none";6;2;"sa";1647598,402303;1778369,10302571;8803329924,36143;4,45775185028329;-2,81714492030917
"knn";"gdp";"canada";"knn";"diff";"none";6;3;"sa";2001486,745424;1765881,94575671;24372093824,9949;7,14105396957957;-0,0915912654751283
"knn";"gdp";"canada";"knn";"diff";"none";6;4;"sa";2137939,220075;1798464,025959;47089922223,7702;9,66778765961292;-0,224177937569133
"knn";"gdp";"canada";"knn";"diff";"none";6;5;"sa";2101647,88874;1835664,87860329;51821330115,2936;10,4364082461555;-0,347911697261627
"arima";"gdp";"china";"arima";"none";"none";0;1;"ro";14698122,409625;15426779,0555956;530940507717,151;4,83757031910532;-Inf
"arima";"gdp";"china";"arima";"none";"none";0;2;"ro";15058028,0094;15222503,751789;278996388775,777;2,96195838942236;-7,61551743218597
"arima";"gdp";"china";"arima";"none";"none";0;3;"ro";18220337,693014;15912633,9914902;1961163050526,13;6,48192047378208;0,216778711972065
"arima";"gdp";"china";"arima";"none";"none";0;4;"ro";18347051,406964;21426896,0135982;3842232988148,09;8,73312622808705;-0,316843701531343
"arima";"gdp";"china";"arima";"none";"none";0;5;"ro";18571020,990819;20284374,4233724;3660902387486,95;8,75032648396237;-0,233495024386884
"arima";"gdp";"china";"arima";"none";"none";0;1;"sa";14698122,409625;15426779,0555956;530940507717,151;4,83757031910532;-Inf
"arima";"gdp";"china";"arima";"none";"none";0;2;"sa";15058028,0094;16597271,4251734;1450105400359,39;7,28129931442501;-43,7798210225007
"arima";"gdp";"china";"arima";"none";"none";0;3;"sa";18220337,693014;18198175,3527152;966900656682,099;4,89476927602492;0,613853025877452
"arima";"gdp";"china";"arima";"none";"none";0;4;"sa";18347051,406964;19525227,4726247;1072200202935,48;5,22653665011843;0,632526166848423
"arima";"gdp";"china";"arima";"none";"none";0;5;"sa";18571020,990819;20594312,5905442;1676501941852,11;6,24764001007084;0,43512375235192
"knn";"gdp";"china";"knn";"diff";"none";6;1;"ro";14698122,409625;15415687,3283883;514899412639,76;4,76568673977832;-Inf
"knn";"gdp";"china";"knn";"diff";"none";6;2;"ro";15058028,0094;15594176,446602;401177279676,953;4,13197837246812;-11,3885110542829
"knn";"gdp";"china";"knn";"diff";"none";6;3;"ro";18220337,693014;16045699,2284327;1843802336996,78;6,98554413613391;0,263648557490352
"knn";"gdp";"china";"knn";"diff";"none";6;4;"ro";18347051,406964;19245893,4388721;1584831002328,78;6,43465108036295;0,456832854788914
"knn";"gdp";"china";"knn";"diff";"none";6;5;"ro";18571020,990819;19100160,3383447;1323862491683,01;5,70957141301852;0,553941180719548
"knn";"gdp";"china";"knn";"diff";"none";6;1;"sa";14698122,409625;15415687,3283883;514899412639,76;4,76568673977832;-Inf
"knn";"gdp";"china";"knn";"diff";"none";6;2;"sa";15058028,0094;16297198,5454617;1025221515041,62;6,33488158557086;-30,6592407287102
"knn";"gdp";"china";"knn";"diff";"none";6;3;"sa";18220337,693014;17206300,4838983;1026238163851,47;6,13149305164229;0,590155659775692
"knn";"gdp";"china";"knn";"diff";"none";6;4;"sa";18347051,406964;18193166,6913627;775598749312,527;4,80918875028963;0,734180011701981
"knn";"gdp";"china";"knn";"diff";"none";6;5;"sa";18571020,990819;19166295,0904919;691349250198,287;4,47831701635246;0,767058563716968
"arima";"gdp";"france";"arima";"none";"none";0;1;"ro";2728870,246706;2846009,08541883;13721507534,9912;4,20238113631732;-Inf
"arima";"gdp";"france";"arima";"none";"none";0;2;"ro";2647418,691598;2781531,86483285;15853925385,0566;4,57152386445273;-8,55868258650441
"arima";"gdp";"france";"arima";"none";"none";0;3;"ro";2959355,819171;2697398,04625998;33443241852,8716;6,1349393215749;-0,916362865832504
"arima";"gdp";"france";"arima";"none";"none";0;4;"ro";2775316,950606;3014471,6007528;39381168061,3636;6,66651869070126;-2,00837348036127
"arima";"gdp";"france";"arima";"none";"none";0;5;"ro";2971266,414013;2825833,60430037;35735074877,2732;6,33670158727978;-1,17039441249165
"arima";"gdp";"france";"arima";"none";"none";0;1;"sa";2728870,246706;2846009,08541883;13721507534,9912;4,20238113631732;-Inf
"arima";"gdp";"france";"arima";"none";"none";0;2;"sa";2647418,691598;2901061,29209067;39028038159,8368;6,67257951140656;-22,5308682034983
"arima";"gdp";"france";"arima";"none";"none";0;3;"sa";2959355,819171;2956113,4987625;26022196320,435;4,48492692331292;-0,491122509452624
"arima";"gdp";"france";"arima";"none";"none";0;4;"sa";2775316,950606;3011165,70543433;33422806028,845;5,40162366170888;-1,55320723701648
"arima";"gdp";"france";"arima";"none";"none";0;5;"sa";2971266,414013;3066217,91210617;28541402221,1033;4,95037881075009;-0,733481743583972
"knn";"gdp";"france";"knn";"diff";"none";6;1;"ro";2728870,246706;2868595,7974405;19523229528,0593;4,99245728808366;-Inf
"knn";"gdp";"france";"knn";"diff";"none";6;2;"ro";2647418,691598;2737597,58913325;13827731544,3662;4,17085491876507;-7,33704546437283
"knn";"gdp";"france";"knn";"diff";"none";6;3;"ro";2959355,819171;2731341,13834775;26548719253,2203;5,45176801437977;-0,52129329854173
"knn";"gdp";"france";"knn";"diff";"none";6;4;"ro";2775316,950606;3046121,90653075;38245370478,2666;6,4147540379491;-1,92160857479211
"knn";"gdp";"france";"knn";"diff";"none";6;5;"ro";2971266,414013;2784440,62696837;37577071323,5821;6,43017221067326;-1,28226933673983
"knn";"gdp";"france";"knn";"diff";"none";6;1;"sa";2728870,246706;2868595,7974405;19523229528,0593;4,99245728808366;-Inf
"knn";"gdp";"france";"knn";"diff";"none";6;2;"sa";2647418,691598;2891741,53763488;39608441311,809;6,90705692713541;-22,8808061127014
"knn";"gdp";"france";"knn";"diff";"none";6;3;"sa";2959355,819171;2916894,42856425;27006617438,6256;5,0864334850449;-0,547531756006569
"knn";"gdp";"france";"knn";"diff";"none";6;4;"sa";2775316,950606;2980960,12146262;30827241508,961;5,60107661177422;-1,35492902810154
"knn";"gdp";"france";"knn";"diff";"none";6;5;"sa";2971266,414013;3049504,267963;25886025565,3091;5,0006475964064;-0,572205611475967
"arima";"gdp";"germany";"arima";"none";"none";0;1;"ro";3889177,589255;4052747,6918834;26755178473,864;4,11915491113635;-Inf
"arima";"gdp";"germany";"arima";"none";"none";0;2;"ro";3887727,161914;3964143,76075863;16297337526,4228;3,03280536006641;-30986,3684399543
"arima";"gdp";"germany";"arima";"none";"none";0;3;"ro";4278503,93469;3961165,00144024;44432891202,9794;4,58944049648383;-0,314221436366925
"arima";"gdp";"germany";"arima";"none";"none";0;4;"ro";4076923,618912;4358164,10624123;53098721330,5309;5,10916728653083;-1,04244465094433
"arima";"gdp";"germany";"arima";"none";"none";0;5;"ro";4394652,127879;4151175,31955306;54335168302,9422;5,22696277597624;-0,302525199431423
"arima";"gdp";"germany";"arima";"none";"none";0;1;"sa";3889177,589255;4052747,6918834;26755178473,864;4,11915491113635;-Inf
"arima";"gdp";"germany";"arima";"none";"none";0;2;"sa";3887727,161914;4131052,02874679;42981084646,5299;5,09401525522955;-81722,2080842365
"arima";"gdp";"germany";"arima";"none";"none";0;3;"sa";4278503,93469;4209356,36561019;30247851867,5691;3,93911971432061;0,105338989830465
"arima";"gdp";"germany";"arima";"none";"none";0;4;"sa";4076923,618912;4287660,70247358;33788418497,6872;4,21403826844208;-0,299673003326911
"arima";"gdp";"germany";"arima";"none";"none";0;5;"sa";4394652,127879;4365965,03933698;27195324607,9533;3,50221265857301;0,348072404762228
"knn";"gdp";"germany";"knn";"diff";"none";6;1;"ro";3889177,589255;4131710,364408;58822147023,4158;6,04752931481208;-Inf
"knn";"gdp";"germany";"knn";"diff";"none";6;2;"ro";3887727,161914;3816419,05670625;31953496445,8677;3,9493455483217;-60754,615186072
"knn";"gdp";"germany";"knn";"diff";"none";6;3;"ro";4278503,93469;4068591,75700225;35990038411,1163;4,3094256951255;-0,0645015144183654
"knn";"gdp";"germany";"knn";"diff";"none";6;4;"ro";4076923,618912;4303758,6204715;39856058291,4618;4,58538989059831;-0,533065034813102
"knn";"gdp";"germany";"knn";"diff";"none";6;5;"ro";4394652,127879;4133956,754808;45477262141,295;4,89099840992237;-0,0901830580504122
"knn";"gdp";"germany";"knn";"diff";"none";6;1;"sa";3889177,589255;4131710,364408;58822147023,4158;6,04752931481208;-Inf
"knn";"gdp";"germany";"knn";"diff";"none";6;2;"sa";3887727,161914;4027821,53051625;39224289568,7396;4,7936276706451;-74579,127624612
"knn";"gdp";"germany";"knn";"diff";"none";6;3;"sa";4278503,93469;4110975,853175;35504745744,5251;4,52700700126287;-0,0501476876004727
"knn";"gdp";"germany";"knn";"diff";"none";6;4;"sa";4076923,618912;4405062,9431735;53547413340,0923;5,32958585769607;-1,05970360882291
"knn";"gdp";"germany";"knn";"diff";"none";6;5;"sa";4394652,127879;4505487,14970975;45294811084,9185;4,76179582045842;-0,0858093327815717
"arima";"gdp";"india";"arima";"none";"none";0;1;"ro";2854814,212131;2865185,99449447;107573869,395249;0,362649719888448;-Inf
"arima";"gdp";"india";"arima";"none";"none";0;2;"ro";2676119,157953;3096099,42163094;88245497874,1939;7,45721467401659;-10,0542042289625
"arima";"gdp";"india";"arima";"none";"none";0;3;"ro";3175276,377979;2597633,22636352;170054202118,883;11,6422102872801;-2,98786930099801
"arima";"gdp";"india";"arima";"none";"none";0;4;"ro";3465541,446546;3323596,50030651;132577743529,895;9,77704040874661;-0,448724363717224
"arima";"gdp";"india";"arima";"none";"none";0;5;"ro";3695362,770027;3515581,95502139;112526423112,732;8,81889868729048;0,203725290822348
"arima";"gdp";"india";"arima";"none";"none";0;1;"sa";2854814,212131;2865185,99449447;107573869,395249;0,362649719888448;-Inf
"arima";"gdp";"india";"arima";"none";"none";0;2;"sa";2676119,157953;3111328,03082664;94757168448,6692;7,70120121782091;-10,8698983792136
"arima";"gdp";"india";"arima";"none";"none";0;3;"sa";3175276,377979;3316912,76556337;69858401061,7631;6,58856278710747;-0,638219870722488
"arima";"gdp";"india";"arima";"none";"none";0;4;"sa";3465541,446546;3446312,30670347;52486240751,0933;5,08052471409123;0,426464097883135
"arima";"gdp";"india";"arima";"none";"none";0;5;"sa";3695362,770027;3636465,14827188;42682778570,5564;4,38574548928729;0,697962343838882
"knn";"gdp";"india";"knn";"diff";"none";6;1;"ro";2854814,212131;2900323,66637725;2071110425,79148;1,58152437724205;-Inf
"knn";"gdp";"india";"knn";"diff";"none";6;2;"ro";2676119,157953;3025040,25532125;61908521307,2277;6,91094006955946;-6,75506348231843
"knn";"gdp";"india";"knn";"diff";"none";6;3;"ro";3175276,377979;2763084,02449225;97906526295,8004;9,23474748656961;-1,29596461432589
"knn";"gdp";"india";"knn";"diff";"none";6;4;"ro";3465541,446546;3341056,41694712;77304025370,4085;7,8405044537982;0,155271299799487
"knn";"gdp";"india";"knn";"diff";"none";6;5;"ro";3695362,770027;3576011,50782875;64692165053,9899;6,9289576483466;0,542216543550562
"knn";"gdp";"india";"knn";"diff";"none";6;1;"sa";2854814,212131;2900323,66637725;2071110425,79148;1,58152437724205;-Inf
"knn";"gdp";"india";"knn";"diff";"none";6;2;"sa";2676119,157953;3070549,7095675;78823285236,355;7,65440024933782;-8,87391667552978
"knn";"gdp";"india";"knn";"diff";"none";6;3;"sa";3175276,377979;3233227,7267105;53668309764,17;5,70579232365441;-0,258552874779095
"knn";"gdp";"india";"knn";"diff";"none";6;4;"sa";3465541,446546;3416033,51234725;40863991210,2844;4,63905793106422;0,553464570380802
"knn";"gdp";"india";"knn";"diff";"none";6;5;"sa";3695362,770027;3598839,297984;34554549099,2747;4,24056248467321;0,755480421631952
"arima";"gdp";"italy";"arima";"none";"none";0;1;"ro";2011302,198827;2133151,84373107;14847335963,249;5,88013010412659;-Inf
"arima";"gdp";"italy";"arima";"none";"none";0;2;"ro";1897461,635592;2050034,8888439;19062966785,5584;6,80512870208642;-4,88377980012417
"arima";"gdp";"italy";"arima";"none";"none";0;3;"ro";2155360,298998;1933142,86054386;29168841174,7454;8,16020469955906;-1,61932499561131
"arima";"gdp";"italy";"arima";"none";"none";0;4;"ro";2046952,679267;2195398,72862543;27385688273,5906;7,86972628616029;-2,23147186422233
"arima";"gdp";"italy";"arima";"none";"none";0;5;"ro";2250534,1904;2084136,377176;27446197068,0183;7,83128699765104;-0,864599325157205
"arima";"gdp";"italy";"arima";"none";"none";0;1;"sa";2011302,198827;2133151,84373107;14847335963,249;5,88013010412659;-Inf
"arima";"gdp";"italy";"arima";"none";"none";0;2;"sa";1897461,635592;2174371,26119515;45763138357,4626;9,74067874673733;-13,1247808951706
"arima";"gdp";"italy";"arima";"none";"none";0;3;"sa";2155360,298998;2215590,67865922;31717991783,0202;7,41243229152959;-1,84823549177503
"arima";"gdp";"italy";"arima";"none";"none";0;4;"sa";2046952,679267;2256810,0961233;34798527689,6647;7,9973932736646;-3,10617626338627
"arima";"gdp";"italy";"arima";"none";"none";0;5;"sa";2250534,1904;2298029,51358737;28289983296,6664;6,81558776833256;-0,921923231584569
"knn";"gdp";"italy";"knn";"diff";"none";6;1;"ro";2011302,198827;2190013,6681906;31937789282,0969;8,50740458562389;-Inf
"knn";"gdp";"italy";"knn";"diff";"none";6;2;"ro";1897461,635592;2049272,9656307;27492234605,108;8,10020694482652;-7,48547114672376
"knn";"gdp";"italy";"knn";"diff";"none";6;3;"ro";2155360,298998;1939941,5963138;33796562225,4532;8,90689942128106;-2,03488848502858
"knn";"gdp";"italy";"knn";"diff";"none";6;4;"ro";2046952,679267;2244356,0415089;35089443525,1916;8,98021139722154;-3,14050391394485
"knn";"gdp";"italy";"knn";"diff";"none";6;5;"ro";2250534,1904;2088540,233559;33319963230,7541;8,67751945946781;-1,26364260230143
"knn";"gdp";"italy";"knn";"diff";"none";6;1;"sa";2011302,198827;2190013,6681906;31937789282,0969;8,50740458562389;-Inf
"knn";"gdp";"italy";"knn";"diff";"none";6;2;"sa";1897461,635592;2226723,8081783;70175683789,1736;12,237392092301;-20,6597067698529
"knn";"gdp";"italy";"knn";"diff";"none";6;3;"sa";2155360,298998;2242145,5013312;49294346307,4539;9,47393451009401;-3,42656986789126
"knn";"gdp";"italy";"knn";"diff";"none";6;4;"sa";2046952,679267;2281590,2038707;50734451718,6284;9,81580319902503;-4,98659239956356
"knn";"gdp";"italy";"knn";"diff";"none";6;5;"sa";2250534,1904;2324581,4141;41684159642,4382;8,50003362078943;-1,83187706283738
"arima";"gdp";"japan";"arima";"none";"none";0;1;"ro";5117993,853017;5170496,91056402;2756571051,78616;1,02061728495444;-Inf
"arima";"gdp";"japan";"arima";"none";"none";0;2;"ro";5048789,595589;5203366,55420834;13325303593,8951;2,01805936691768;-10,1293929849585
"arima";"gdp";"japan";"arima";"none";"none";0;3;"ro";5005536,736792;5102254,73395984;12001659387,9829;1,98328342778582;-4,59470333186209
"arima";"gdp";"japan";"arima";"none";"none";0;4;"ro";4232173,916087;5072196,03709776;185410535487,841;6,0015894017659;-0,433862746477895
"arima";"gdp";"japan";"arima";"none";"none";0;5;"ro";4166936,088246;4069656,41664159;150221095291,766;5,27369830006753;0,157692561194386
"arima";"gdp";"japan";"arima";"none";"none";0;1;"sa";5117993,853017;5170496,91056402;2756571051,78616;1,02061728495444;-Inf
"arima";"gdp";"japan";"arima";"none";"none";0;2;"sa";5048789,595589;5271313,04547453;26136628400,3726;2,66652217663448;-20,8295070517447
"arima";"gdp";"japan";"arima";"none";"none";0;3;"sa";5005536,736792;5372129,18038504;62221092166,7536;4,13269041308407;-28,0050350875639
"arima";"gdp";"japan";"arima";"none";"none";0;4;"sa";4232173,916087;5472945,31529555;431544235398,549;9,49187306906829;-2,33732493122454
"arima";"gdp";"japan";"arima";"none";"none";0;5;"sa";4166936,088246;5573761,45020605;741066908129,647;13,3706016099579;-3,15524975475594
"knn";"gdp";"japan";"knn";"diff";"none";6;1;"ro";5117993,853017;5348991,577158;53359948558,3219;4,41383482726676;-Inf
"knn";"gdp";"japan";"knn";"diff";"none";6;2;"ro";5048789,595589;5373609,35322367;79433911754,0828;5,3234720497584;-65,3437957727821
"knn";"gdp";"japan";"knn";"diff";"none";6;3;"ro";5005536,736792;5325716,89325933;87127718701,2039;5,61507562077887;-39,6155284329474
"knn";"gdp";"japan";"knn";"diff";"none";6;4;"ro";4232173,916087;5097179,31723133;252404375028,12;8,84724116629774;-0,951956125085404
"knn";"gdp";"japan";"knn";"diff";"none";6;5;"ro";4166936,088246;4156026,90341333;201947302085,239;7,13022226544589;-0,132342394806419
"knn";"gdp";"japan";"knn";"diff";"none";6;1;"sa";5117993,853017;5348991,577158;53359948558,3219;4,41383482726676;-Inf
"knn";"gdp";"japan";"knn";"diff";"none";6;2;"sa";5048789,595589;5442035,80956833;104001266683,701;5,95539476209837;-85,8626339130209
"knn";"gdp";"japan";"knn";"diff";"none";6;3;"sa";5005536,736792;5699485,80020367;229855945325,777;8,29190479054661;-106,149835001156
"knn";"gdp";"japan";"knn";"diff";"none";6;4;"sa";4232173,916087;5772693,359673;765691998010,964;13,9177785682535;-4,92143929866457
"knn";"gdp";"japan";"knn";"diff";"none";6;5;"sa";4166936,088246;5806411,03370633;1150129217767,2;17,7096480369939;-5,44891047979266
"arima";"gdp";"uk";"arima";"none";"none";0;1;"ro";2851407,164908;3007372,85942467;24325297866,0671;5,3241696690749;-Inf
"arima";"gdp";"uk";"arima";"none";"none";0;2;"ro";2697806,592294;2821553,10765854;19819248965,4673;4,90412960225948;-2,36017205059953
"arima";"gdp";"uk";"arima";"none";"none";0;3;"ro";3141506,156619;2680279,68579269;84122785107,2751;8,55103472734218;-1,48540937325865
"arima";"gdp";"uk";"arima";"none";"none";0;4;"ro";3089072,7224;3474581,90744965;100246421769,868;9,34997219109954;-2,10274446370365
"arima";"gdp";"uk";"arima";"none";"none";0;5;"ro";3263527,803496;3058906,71486213;88571095398,6359;8,77454925402983;-1,10452433975928
"arima";"gdp";"uk";"arima";"none";"none";0;1;"sa";2851407,164908;3007372,85942467;24325297866,0671;5,3241696690749;-Inf
"arima";"gdp";"uk";"arima";"none";"none";0;2;"sa";2697806,592294;3065810,92826182;79876244578,5901;9,04703898278439;-12,5422853311689
"arima";"gdp";"uk";"arima";"none";"none";0;3;"sa";3141506,156619;3124248,99709896;53350099570,6267;6,21497283261612;-0,57622976186568
"arima";"gdp";"uk";"arima";"none";"none";0;4;"sa";3089072,7224;3182687,06593611;42203486006,8942;5,40754602285324;-0,3062474474899
"arima";"gdp";"uk";"arima";"none";"none";0;5;"sa";3263527,803496;3241125,13477326;33863164718,6956;4,4638007785452;0,195382488485402
"knn";"gdp";"uk";"knn";"diff";"none";6;1;"ro";2851407,164908;3004149,692373;23330279696,3964;5,21701116350958;-Inf
"knn";"gdp";"uk";"knn";"diff";"none";6;2;"ro";2697806,592294;2978864,28289375;51161852570,8305;7,55960626698615;-7,67402328740793
"knn";"gdp";"uk";"knn";"diff";"none";6;3;"ro";3141506,156619;2655770,66751925;112754223504,211;10,6255266537629;-2,33132579496149
"knn";"gdp";"uk";"knn";"diff";"none";6;4;"ro";3089072,7224;3205764,55916875;87969913820,2747;8,89603024206983;-1,72277212751735
"knn";"gdp";"uk";"knn";"diff";"none";6;5;"ro";3263527,803496;2944672,11117125;90709721561,7989;9,1712405894387;-1,15533991106689
"knn";"gdp";"uk";"knn";"diff";"none";6;1;"sa";2851407,164908;3004149,692373;23330279696,3964;5,21701116350958;-Inf
"knn";"gdp";"uk";"knn";"diff";"none";6;2;"sa";2697806,592294;3203940,5296365;139750921113,109;11,1845073467532;-22,6934880826216
"knn";"gdp";"uk";"knn";"diff";"none";6;3;"sa";3141506,156619;3295237,285412;101045034062,063;9,04856293483034;-1,98537755804011
"knn";"gdp";"uk";"knn";"diff";"none";6;4;"sa";3089072,7224;3349002,57799275;92674658003,664;8,80511446134603;-1,86838948433099
"knn";"gdp";"uk";"knn";"diff";"none";6;5;"sa";3263527,803496;3478118,045987;83349520837,4004;8,31731325578086;-0,980455300006189
"arima";"gdp";"usa";"arima";"none";"none";0;1;"ro";21521400;21488915,9012475;1055216671,76402;0,151052593183052;-Inf
"arima";"gdp";"usa";"arima";"none";"none";0;2;"ro";21323000;22275256,0144332;453923366847,967;2,25968708989926;-45,1274233025461
"arima";"gdp";"usa";"arima";"none";"none";0;3;"ro";23594000;21470594,5774167;1805565774117,31;4,64773477246075;-0,71189211782411
"arima";"gdp";"usa";"arima";"none";"none";0;4;"ro";25744100;24041451,8757132;2078926989372,31;5,19578325302654;0,35402851684831
"arima";"gdp";"usa";"arima";"none";"none";0;5;"ro";27149488,929809;27087813,1877917;1663902370928,53;4,20211245043308;0,684227542327595
"arima";"gdp";"usa";"arima";"none";"none";0;1;"sa";21521400;21488915,9012475;1055216671,76402;0,151052593183052;-Inf
"arima";"gdp";"usa";"arima";"none";"none";0;2;"sa";21323000;22220882,8129027;403624381188,871;2,13754455242928;-40,0160702138145
"arima";"gdp";"usa";"arima";"none";"none";0;3;"sa";23594000;22952849,7245578;406107479359,103;2,34331637298567;0,614961579982243
"arima";"gdp";"usa";"arima";"none";"none";0;4;"sa";25744100;23684816,636213;1364742602611,79;3,84056283947982;0,575942393534651
"arima";"gdp";"usa";"arima";"none";"none";0;5;"sa";27149488,929809;24416783,5478682;2585329822987,08;5,19221208537312;0,509360665408016
"knn";"gdp";"usa";"knn";"diff";"none";6;1;"ro";21521400;21306749,2222222;46074956400,6042;1,00238175908101;-Inf
"knn";"gdp";"usa";"knn";"diff";"none";6;2;"ro";21323000;22170004,6666667;381745930877,859;2,44864121818271;-37,7927950700217
"knn";"gdp";"usa";"knn";"diff";"none";6;3;"ro";23594000;21751440,1111111;1386172935299,32;4,34135092566503;-0,314257589447326
"knn";"gdp";"usa";"knn";"diff";"none";6;4;"ro";25744100;24224622,6666667;1616832543102,93;4,77644162651982;0,497612123362032
"knn";"gdp";"usa";"knn";"diff";"none";6;5;"ro";27149488,929809;26430270,5555556;1396921048455,1;4,3580861886805;0,734894786886551
"knn";"gdp";"usa";"knn";"diff";"none";6;1;"sa";21521400;21306749,2222222;46074956400,6042;1,00238175908101;-Inf
"knn";"gdp";"usa";"knn";"diff";"none";6;2;"sa";21323000;21877884,8888889;176986098158,921;1,7856203311965;-16,9852223187639
"knn";"gdp";"usa";"knn";"diff";"none";6;3;"sa";23594000;22409603;585589483308,944;2,90679650787486;0,444791192252549
"knn";"gdp";"usa";"knn";"diff";"none";6;4;"sa";25744100;22924931,6666667;2426119635399,06;5,07636245624374;0,246147600568043
"knn";"gdp";"usa";"knn";"diff";"none";6;5;"sa";27149488,929809;23515756,5555556;4581697901858,76;6,92990651917757;0,130493451983554
"arima";"pest";"brazil";"arima";"none";"none";0;1;"ro";549280;532017,930370343;297979047,899133;3,19284244329312;-Inf
"arima";"pest";"brazil";"arima";"none";"none";0;2;"ro";620538;567071,432857116;1578326424,97184;6,0984541007772;-0,243339014113897
"arima";"pest";"brazil";"arima";"none";"none";0;3;"ro";685746;640173,107586176;1744513790,96855;6,35702232914106;0,438315682024762
"arima";"pest";"brazil";"arima";"none";"none";0;4;"ro";719507;706900,204;1348118169,57282;5,20967407754816;0,682163110651796
"arima";"pest";"brazil";"arima";"none";"none";0;5;"ro";800652,17;741067,87483871;1788552181,63181;5,71365663817341;0,756037816320809
"arima";"pest";"brazil";"arima";"none";"none";0;1;"sa";549280;532017,930370343;297979047,899133;3,19284244329312;-Inf
"arima";"pest";"brazil";"arima";"none";"none";0;2;"sa";620538;549192,860740686;2694053971,91505;7,69569941065988;-1,12226213564805
"arima";"pest";"brazil";"arima";"none";"none";0;3;"sa";685746;566367,791111029;6546421567,123;11,4865557248789;-1,10776340785841
"arima";"pest";"brazil";"arima";"none";"none";0;4;"sa";719507;583542,721481371;9531387433,61506;13,8320729879776;-1,24715206830327
"arima";"pest";"brazil";"arima";"none";"none";0;5;"sa";800652,17;600717,651851714;15619872256,3295;16,7724893790529;-1,13058259276923
"knn";"pest";"brazil";"knn";"diff";"none";6;1;"ro";549280;526093,834285714;537598280,530317;4,31220566747124;-Inf
"knn";"pest";"brazil";"knn";"diff";"none";6;2;"ro";620538;563998,621428571;1867149804,88682;6,92922487560556;-0,470861895790884
"knn";"pest";"brazil";"knn";"diff";"none";6;3;"ro";685746;639685,338571429;1951961380,33704;6,93624661078601;0,37152339964025
"knn";"pest";"brazil";"knn";"diff";"none";6;4;"ro";719507;704523,22;1520099451,02488;5,72828966392925;0,641616223326509
"knn";"pest";"brazil";"knn";"diff";"none";6;5;"ro";800652,17;745842,131428571;1816907626,4602;6,00029071691006;0,752170075524329
"knn";"pest";"brazil";"knn";"diff";"none";6;1;"sa";549280;526093,834285714;537598280,530317;4,31220566747124;-Inf
"knn";"pest";"brazil";"knn";"diff";"none";6;2;"sa";620538;535739,86;3864161413,99496;9,48981931603513;-2,0440234458719
"knn";"pest";"brazil";"knn";"diff";"none";6;3;"sa";685746;543285,65;9341091383,3708;14,0540580828755;-2,00756839526044
"knn";"pest";"brazil";"knn";"diff";"none";6;4;"sa";719507;550482,118571429;14148171173,0138;17,1951234698452;-2,33562058363292
"knn";"pest";"brazil";"knn";"diff";"none";6;5;"sa";800652,17;560128,144285714;22888898327,5723;20,8262782365642;-2,12209264865332
"arima";"pest";"canada";"arima";"none";"none";0;1;"ro";87632;100849,777777769;174709649,382494;14,0255232453865;-Inf
"arima";"pest";"canada";"arima";"none";"none";0;2;"ro";78893;89705,7142857143;145812219,803492;13,4260455741892;-6,6371344129986
"arima";"pest";"canada";"arima";"none";"none";0;3;"ro";92960;80593,8620689561;148181935,645529;13,7008604026401;-3,40670558855423
"arima";"pest";"canada";"arima";"none";"none";0;4;"ro";97692;95073,0666666667;112851154,685258;10,9549523410148;-1,31597621320793
"arima";"pest";"canada";"arima";"none";"none";0;5;"ro";97692;99889,5483870968;91246767,5309325;9,20885126760322;-0,81530140952762
"arima";"pest";"canada";"arima";"none";"none";0;1;"sa";87632;100849,777777769;174709649,382494;14,0255232453865;-Inf
"arima";"pest";"canada";"arima";"none";"none";0;2;"sa";78893;103395,555555539;387542439,067378;20,4543929312882;-19,2981183736701
"arima";"pest";"canada";"arima";"none";"none";0;3;"sa";92960;105941,333333308;314533297,748404;17,9872746282515;-8,35374230965586
"arima";"pest";"canada";"arima";"none";"none";0;4;"sa";97692;108487,111111077;265033579,28643;16,1083523848708;-4,43912436731952
"arima";"pest";"canada";"arima";"none";"none";0;5;"sa";97692;111032,888888847;247622726,698056;15,4433274444913;-3,92631023508499
"knn";"pest";"canada";"knn";"diff";"none";6;1;"ro";87632;99996,3133333333;152876244,204845;13,1795816033024;-Inf
"knn";"pest";"canada";"knn";"diff";"none";6;2;"ro";78893;88772,08;125236232,925622;12,4819419878135;-5,55943613998581
"knn";"pest";"canada";"knn";"diff";"none";6;3;"ro";92960;83181,3433333333;115364864,018596;12,0223589975985;-2,43077574725207
"knn";"pest";"canada";"knn";"diff";"none";6;4;"ro";97692;97681,2944444444;86523676,6661772;9,01950901761977;-0,775673253827482
"knn";"pest";"canada";"knn";"diff";"none";6;5;"ro";97692;99533,66;69897283,6440617;7,58912047803926;-0,390565835422099
"knn";"pest";"canada";"knn";"diff";"none";6;1;"sa";87632;99996,3133333333;152876244,204845;13,1795816033024;-Inf
"knn";"pest";"canada";"knn";"diff";"none";6;2;"sa";78893;101679,025555556;336039602,411638;19,2085923493722;-16,6005798085164
"knn";"pest";"canada";"knn";"diff";"none";6;3;"sa";92960;104370,616666667;267427125,845629;16,6607193672241;-6,95287633989337
"knn";"pest";"canada";"knn";"diff";"none";6;4;"sa";97692;107874,191111111;226489598,340019;14,9721605728955;-3,64810948330532
"knn";"pest";"canada";"knn";"diff";"none";6;5;"sa";97692;110967,24;216438078,083535;14,52259347364;-3,305909774692
"arima";"pest";"china";"arima";"none";"none";0;1;"ro";294682,45;311911,042813252;296824410,324837;5,68044102594948;-Inf
"arima";"pest";"china";"arima";"none";"none";0;2;"ro";273569,51;270649,582233604;152675194,242903;3,37675585472684;-0,370033054868799
"arima";"pest";"china";"arima";"none";"none";0;3;"ro";258757,94;251703,087254131;118373778,583901;3,17254064761058;0,455254403597479
"arima";"pest";"china";"arima";"none";"none";0;4;"ro";244869,49;241699,832358688;91292016,3287078;2,70512039370367;0,732164664087283
"arima";"pest";"china";"arima";"none";"none";0;5;"ro";235760,35;230007,19405696;79653373,7239546;2,65817590607647;0,818422105911937
"arima";"pest";"china";"arima";"none";"none";0;1;"sa";294682,45;311911,042813252;296824410,324837;5,68044102594948;-Inf
"arima";"pest";"china";"arima";"none";"none";0;2;"sa";273569,51;300569,325626504;512907227,09502;7,5428836932213;-3,60258039091338
"arima";"pest";"china";"arima";"none";"none";0;3;"sa";258757,94;289227,608439756;651405049,672898;8,73545920066314;-1,99770807799437
"arima";"pest";"china";"arima";"none";"none";0;4;"sa";244869,49;277885,891253008;761074475,179578;9,70951514479173;-1,23286379151006
"arima";"pest";"china";"arima";"none";"none";0;5;"sa";235760,35;266544,17406626;798388344,972149;10,2190193870288;-0,820006706142811
"knn";"pest";"china";"knn";"diff";"none";6;1;"ro";294682,45;319905,442;636199325,432065;8,20809922496814;-Inf
"knn";"pest";"china";"knn";"diff";"none";6;2;"ro";273569,51;290926,632;468734504,777475;7,17884866044639;-3,20619583087611
"knn";"pest";"china";"knn";"diff";"none";6;3;"ro";258757,94;272386,52;374402400,79045;6,49649211587939;-0,722966534928773
"knn";"pest";"china";"knn";"diff";"none";6;4;"ro";244869,49;256225,136;313039474,612167;6,00545308051039;0,0815951250895459
"knn";"pest";"china";"knn";"diff";"none";6;5;"ro";235760,35;244577,616;265980415,632685;5,53861764506167;0,393670832994155
"knn";"pest";"china";"knn";"diff";"none";6;1;"sa";294682,45;319905,442;636199325,432065;8,20809922496814;-Inf
"knn";"pest";"china";"knn";"diff";"none";6;2;"sa";273569,51;316558,124;1242110129,53653;11,3886794998552;-10,14609314035
"knn";"pest";"china";"knn";"diff";"none";6;3;"sa";258757,94;313210,806;1816444958,22901;13,93928766885;-7,35911807446002
"knn";"pest";"china";"knn";"diff";"none";6;4;"sa";244869,49;312918,932;2520015357,7996;16,5543989266578;-6,3932988557425
"knn";"pest";"china";"knn";"diff";"none";6;5;"sa";235760,35;309571,614;3105632824,89522;18,6575618802551;-6,07960305748667
"arima";"pest";"france";"arima";"none";"none";0;1;"ro";83983,13;70458,87;182905608,5476;17,5137074111964;-Inf
"arima";"pest";"france";"arima";"none";"none";0;2;"ro";54303,71;83983,13;531886790,042;30,2190694883871;-1,41528495633364
"arima";"pest";"france";"arima";"none";"none";0;3;"ro";64789,22;54303,71;391239833,348034;26,0156978657794;-1,59057276386208
"arima";"pest";"france";"arima";"none";"none";0;4;"ro";69697,52;64789,22;299452727,233525;21,3366001443356;-1,6262606580256
"arima";"pest";"france";"arima";"none";"none";0;5;"ro";67874,94;69697,52;240226541,3581;17,5992059451004;-1,63307548617079
"arima";"pest";"france";"arima";"none";"none";0;1;"sa";83983,13;70458,87;182905608,5476;17,5137074111964;-Inf
"arima";"pest";"france";"arima";"none";"none";0;2;"sa";54303,71;70458,87;221947401,5866;21,7055759907578;-0,00785774376371906
"arima";"pest";"france";"arima";"none";"none";0;3;"sa";64789,22;70458,87;158679911,4319;17,2650753396953;-0,0506901948346641
"arima";"pest";"france";"arima";"none";"none";0;4;"sa";69697,52;70458,87;119154847,02955;13,220413814292;-0,0450119785442089
"arima";"pest";"france";"arima";"none";"none";0;5;"sa";67874,94;70458,87;96659216,47262;11,3234889588172;-0,0594625055486186
"knn";"pest";"france";"knn";"diff";"none";6;1;"ro";83983,13;68622,34;235953869,4241;20,1313753694412;-Inf
"knn";"pest";"france";"knn";"diff";"none";6;2;"ro";54303,71;82700,2033333333;521157351,527073;30,792463031819;-1,36656283741626
"knn";"pest";"france";"knn";"diff";"none";6;3;"ro";64789,22;54066,9455555556;385760624,105377;26,5424543820055;-1,55429248506209
"knn";"pest";"france";"knn";"diff";"none";6;4;"ro";69697,52;62392,8222222222;302660120,485201;22,6718793407569;-1,65439014206641
"knn";"pest";"france";"knn";"diff";"none";6;5;"ro";67874,94;69267,6977777778;242516051,233673;18,5437251408907;-1,65817034993828
"knn";"pest";"france";"knn";"diff";"none";6;1;"sa";83983,13;68622,34;235953869,4241;20,1313753694412;-Inf
"knn";"pest";"france";"knn";"diff";"none";6;2;"sa";54303,71;71476,2933333333;265425743,882189;23,7185600636661;-0,205291836955935
"knn";"pest";"france";"knn";"diff";"none";6;3;"sa";64789,22;71916,9311111111;193885251,149278;19,2883013927583;-0,283800390782482
"knn";"pest";"france";"knn";"diff";"none";6;4;"sa";69697,52;72000,1933333333;146739514,48197;15,278756211487;-0,286935061243383
"knn";"pest";"france";"knn";"diff";"none";6;5;"sa";67874,94;71656,3688888889;120251452,473921;13,3070423566408;-0,3180523263394
"arima";"pest";"germany";"arima";"none";"none";0;1;"ro";44960,61;48832,4681546696;14991285,5698818;8,25617035040633;-Inf
"arima";"pest";"germany";"arima";"none";"none";0;2;"ro";45180,98;47628,7987247117;10491551,0394655;6,76554294996236;-863,161165628783
"arima";"pest";"germany";"arima";"none";"none";0;3;"ro";47973,6;46515,4346482446;7703116,09066364;5,53916942363642;-3,09609536134897
"arima";"pest";"germany";"arima";"none";"none";0;4;"ro";48712,16;47981,9841635335;5910626,25603763;4,53194690030767;-1,14862382196403
"arima";"pest";"germany";"arima";"none";"none";0;5;"ro";48169,07;48952,9273258751;4851387,46629573;3,948391624757;-0,907883435149504
"arima";"pest";"germany";"arima";"none";"none";0;1;"sa";44960,61;48832,4681546696;14991285,5698818;8,25617035040633;-Inf
"arima";"pest";"germany";"arima";"none";"none";0;2;"sa";45180,98;49517,7067905247;16899242,4127681;8,70758562816891;-1390,94566815976
"arima";"pest";"germany";"arima";"none";"none";0;3;"sa";47973,6;50202,9454263797;12922821,9518855;7,31889145168736;-5,87164913908191
"arima";"pest";"germany";"arima";"none";"none";0;4;"sa";48712,16;50888,1840622348;10875886,6437703;6,58154637255867;-2,95358936862487
"arima";"pest";"germany";"arima";"none";"none";0;5;"sa";48169,07;51573,4226980898;11018632,7736146;6,63049381301373;-3,33324839395403
"knn";"pest";"germany";"knn";"diff";"none";6;1;"ro";44960,61;48315,41;11254683,04;7,1932743270993;-Inf
"knn";"pest";"germany";"knn";"diff";"none";6;2;"ro";45180,98;47323,51;7922558,92045001;5,91277338569411;-651,560114868161
"knn";"pest";"germany";"knn";"diff";"none";6;3;"ro";47973,6;47595,944;5329247,298412;4,20529128851706;-1,83380191620951
"knn";"pest";"germany";"knn";"diff";"none";6;4;"ro";48712,16;48773,14;3997865,113909;3,185244976795;-0,453299168082123
"knn";"pest";"germany";"knn";"diff";"none";6;5;"ro";48169,07;49031,694;3347116,1242024;2,90318249162434;-0,316305377225111
"knn";"pest";"germany";"knn";"diff";"none";6;1;"sa";44960,61;48315,41;11254683,04;7,1932743270993;-Inf
"knn";"pest";"germany";"knn";"diff";"none";6;2;"sa";45180,98;49923,092;16871154,630272;8,58287161205991;-1388,63215219149
"knn";"pest";"germany";"knn";"diff";"none";6;3;"sa";47973,6;50794,904;13900688,5069867;7,62623537794481;-6,39162503107488
"knn";"pest";"germany";"knn";"diff";"none";6;4;"sa";48712,16;51183,288;11952134,778336;6,95653369235538;-3,34482580958746
"knn";"pest";"germany";"knn";"diff";"none";6;5;"sa";48169,07;52207,602;12823655,9656736;7,17457777994078;-4,04310178581671
"arima";"pest";"india";"arima";"none";"none";0;1;"ro";40093,69;40100,205064974;42,4460716159495;0,0162482816647337;-Inf
"arima";"pest";"india";"arima";"none";"none";0;2;"ro";40093,69;40089,2778070605;30,9567590755195;0,0136267968952911;-Inf
"arima";"pest";"india";"arima";"none";"none";0;3;"ro";40093,69;40096,6615854332;23,581279379258;0,0115549742984954;-Inf
"arima";"pest";"india";"arima";"none";"none";0;4;"ro";40093,69;40091,6976139813;18,6783600463621;0,00990859300335095;-Inf
"arima";"pest";"india";"arima";"none";"none";0;5;"ro";40093,69;40095,0209674604;15,2969829132042;0,00859079202615444;-Inf
"arima";"pest";"india";"arima";"none";"none";0;1;"sa";40093,69;40100,205064974;42,4460716159495;0,0162482816647337;-Inf
"arima";"pest";"india";"arima";"none";"none";0;2;"sa";40093,69;40100,205064974;42,4460716159495;0,0162482816647337;-Inf
"arima";"pest";"india";"arima";"none";"none";0;3;"sa";40093,69;40100,205064974;42,4460716159495;0,0162482816647337;-Inf
"arima";"pest";"india";"arima";"none";"none";0;4;"sa";40093,69;40100,205064974;42,4460716159495;0,0162482816647337;-Inf
"arima";"pest";"india";"arima";"none";"none";0;5;"sa";40093,69;40100,205064974;42,4460716159495;0,0162482816647337;-Inf
"knn";"pest";"india";"knn";"diff";"none";6;1;"ro";40093,69;38687,33;1977848,4496;3,57030157771504;-Inf
"knn";"pest";"india";"knn";"diff";"none";6;2;"ro";40093,69;38687,33;1977848,4496;3,57030157771504;-Inf
"knn";"pest";"india";"knn";"diff";"none";6;3;"ro";40093,69;38687,33;1977848,4496;3,57030157771504;-Inf
"knn";"pest";"india";"knn";"diff";"none";6;4;"ro";40093,69;38687,33;1977848,4496;3,57030157771504;-Inf
"knn";"pest";"india";"knn";"diff";"none";6;5;"ro";40093,69;38687,33;1977848,4496;3,57030157771504;-Inf
"knn";"pest";"india";"knn";"diff";"none";6;1;"sa";40093,69;38687,33;1977848,4496;3,57030157771504;-Inf
"knn";"pest";"india";"knn";"diff";"none";6;2;"sa";40093,69;37490,4671428571;4377308,84677551;5,14050444997869;-Inf
"knn";"pest";"india";"knn";"diff";"none";6;3;"sa";40093,69;36084,1071428571;8277124,12728163;6,93597190294557;-Inf
"knn";"pest";"india";"knn";"diff";"none";6;4;"sa";40093,69;34677,7471428571;13540952,3534204;8,82364454184438;-Inf
"knn";"pest";"india";"knn";"diff";"none";6;5;"sa";40093,69;33271,3871428571;20141525,1376523;10,7785616137331;-Inf
"arima";"pest";"italy";"arima";"none";"none";0;1;"ro";54038,54;55780,8884391821;3035778,08352024;3,1731151107693;-Inf
"arima";"pest";"italy";"arima";"none";"none";0;2;"ro";48405,28;53398,6107415926;13984564,9892268;6,49141011575198;-0,762744467262018
"arima";"pest";"italy";"arima";"none";"none";0;3;"ro";56372,59;49132,7042242294;26795025,3415531;8,90234448820084;-1,39575381125947
"arima";"pest";"italy";"arima";"none";"none";0;4;"ro";50177,3;51459,9670809591;20507577,7163089;7,30776071292635;-1,0887430832691
"arima";"pest";"italy";"arima";"none";"none";0;5;"ro";44424,42;49381,2878440991;21320169,9378199;7,95988286928129;-0,2080149334626
"arima";"pest";"italy";"arima";"none";"none";0;1;"sa";54038,54;55780,8884391821;3035778,08352024;3,1731151107693;-Inf
"arima";"pest";"italy";"arima";"none";"none";0;2;"sa";48405,28;54353,9485657607;19211217,8943947;7,37549607583474;-1,4215603473399
"arima";"pest";"italy";"arima";"none";"none";0;3;"sa";56372,59;52927,0086923393;16764822,1121635;7,01861004540836;-0,498949374308544
"arima";"pest";"italy";"arima";"none";"none";0;4;"sa";50177,3;51500,0688189179;13011045,9211979;5,91443110269948;-0,32520439761085
"arima";"pest";"italy";"arima";"none";"none";0;5;"sa";44424,42;50073,1289454964;16790419,2871447;7,12259481246178;0,0486437351519904
"knn";"pest";"italy";"knn";"diff";"none";6;1;"ro";54038,54;55047,797;1018599,69204898;1,85038205105373;-Inf
"knn";"pest";"italy";"knn";"diff";"none";6;2;"ro";48405,28;54179,637;17180899,227749;6,55404677631916;-1,16564012392461
"knn";"pest";"italy";"knn";"diff";"none";6;3;"ro";56372,59;49608,177;26706360,5633557;8,62448437968738;-1,3878262583804
"knn";"pest";"italy";"knn";"diff";"none";6;4;"ro";50177,3;55756,196;27810790,5672207;9,10157006574442;-1,83259179807137
"knn";"pest";"italy";"knn";"diff";"none";6;5;"ro";44424,42;50417,086;29431041,6112878;9,80870052400661;-0,667582288391003
"knn";"pest";"italy";"knn";"diff";"none";6;1;"sa";54038,54;55047,797;1018599,69204898;1,85038205105373;-Inf
"knn";"pest";"italy";"knn";"diff";"none";6;2;"sa";48405,28;55188,894;23518009,2965224;7,47344923163022;-1,9644283394155
"knn";"pest";"italy";"knn";"diff";"none";6;3;"sa";56372,59;53995,316;17562483,4213736;6,41826886578385;-0,570268587381687
"knn";"pest";"italy";"knn";"diff";"none";6;4;"sa";50177,3;53704,323;16281835,3766625;6,5113180795317;-0,658341686979644
"knn";"pest";"italy";"knn";"diff";"none";6;5;"sa";44424,42;52976,745;27653920,8824549;8,72126091413342;-0,566889452205497
"arima";"pest";"japan";"arima";"none";"none";0;1;"ro";52332;51226,7711111111;1221530,89683456;2,13449595245401;-Inf
"arima";"pest";"japan";"arima";"none";"none";0;2;"ro";51970;51350,2435714306;802814,463793819;1,66708824677467;-23,5051879916309
"arima";"pest";"japan";"arima";"none";"none";0;3;"ro";48889;51009,6144827586;2034211,57069109;2,52656993832806;0,147591554713995
"arima";"pest";"japan";"arima";"none";"none";0;4;"ro";48783;47857,9273333353;1739598,53767087;2,37354075568279;0,370871200843419
"arima";"pest";"japan";"arima";"none";"none";0;5;"ro";50320;47781,7683870975;2680202,7742842;2,93377077319858;-0,208992574299782
"arima";"pest";"japan";"arima";"none";"none";0;1;"sa";52332;51226,7711111111;1221530,89683456;2,13449595245401;-Inf
"arima";"pest";"japan";"arima";"none";"none";0;2;"sa";51970;50205,5422222222;2167421,07319752;2,79413656365455;-65,1585749274296
"arima";"pest";"japan";"arima";"none";"none";0;3;"sa";48889;49184,3133333333;1474017,37041317;2,06350095807069;0,382333247366404
"arima";"pest";"japan";"arima";"none";"none";0;4;"sa";48783;48163,0844444445;1201586,85181481;1,86734753047972;0,565444051144855
"arima";"pest";"japan";"arima";"none";"none";0;5;"sa";50320;47141,8555555556;2981389,90340244;2,79824245550537;-0,344852818185948
"knn";"pest";"japan";"knn";"diff";"none";6;1;"ro";52332;52248;7056;0,160642570281124;-Inf
"knn";"pest";"japan";"knn";"diff";"none";6;2;"ro";51970;51540,71;95672,9520500004;0,495051316458095;-1,92033063856416
"knn";"pest";"japan";"knn";"diff";"none";6;3;"ro";48889;52437,365;4260746,69244168;2,66464541178507;-0,785407435583421
"knn";"pest";"japan";"knn";"diff";"none";6;4;"ro";48783;46499,34;4499335,76823126;3,19684883451497;-0,627192508829957
"knn";"pest";"japan";"knn";"diff";"none";6;5;"ro";50320;48511,5675;4253554,23599626;3,2894041177737;-0,91870388876613
"knn";"pest";"japan";"knn";"diff";"none";6;1;"sa";52332;52248;7056;0,160642570281124;-Inf
"knn";"pest";"japan";"knn";"diff";"none";6;2;"sa";51970;51456,71;135261,31205;0,576605078756351;-3,12872964958336
"knn";"pest";"japan";"knn";"diff";"none";6;3;"sa";48889;49805,8475;370377,320785419;1,00371805337041;0,844798466035351
"knn";"pest";"japan";"knn";"diff";"none";6;4;"sa";48783;47416,1875;744827,093128127;1,46319604736772;0,730632002423744
"knn";"pest";"japan";"knn";"diff";"none";6;5;"sa";50320;45026,5275;6200031,89615376;3,39128690066442;-1,79672590252937
"arima";"pest";"uk";"arima";"none";"none";0;1;"ro";19300;19116;33856;0,957934194085798;-Inf
"arima";"pest";"uk";"arima";"none";"none";0;2;"ro";19605,67;19300;63645,0744499995;1,26463664083947;-1,72470291426822
"arima";"pest";"uk";"arima";"none";"none";0;3;"ro";15023,07;19605,67;7042504,30296666;9,6654353855613;-0,609274394120373
"arima";"pest";"uk";"arima";"none";"none";0;4;"ro";14794,06;15023,07;5294989,62225;7,63310075612278;-0,0220345281510084
"arima";"pest";"uk";"arima";"none";"none";0;5;"ro";16983,33;14794,06;5194572,32438;8,86223870837998;-0,251433163524919
"arima";"pest";"uk";"arima";"none";"none";0;1;"sa";19300;19116;33856;0,957934194085798;-Inf
"arima";"pest";"uk";"arima";"none";"none";0;2;"sa";19605,67;19116;136816,354449999;1,74355615014933;-4,85723126119259
"arima";"pest";"uk";"arima";"none";"none";0;3;"sa";15023,07;19116;5675236,23126667;9,15503137527137;-0,296841571500974
"arima";"pest";"uk";"arima";"none";"none";0;4;"sa";14794,06;19116;8926218,51435;13,2389251870389;-0,722931332887091
"arima";"pest";"uk";"arima";"none";"none";0;5;"sa";16983,33;19116;8050631,07726;12,9542532600407;-0,939491085744002
"knn";"pest";"uk";"knn";"diff";"none";6;1;"ro";19300;18532,41;589194,4081;4,05784352622527;-Inf
"knn";"pest";"uk";"knn";"diff";"none";6;2;"ro";19605,67;19305,2;339738,3145;2,80112243608654;-13,5445029895276
"knn";"pest";"uk";"knn";"diff";"none";6;3;"ro";15023,07;18984,08;5456358,9497;9,63246828686242;-0,246826180735569
"knn";"pest";"uk";"knn";"diff";"none";6;4;"ro";14794,06;14773,6533333333;4092373,32028611;7,25885957640663;0,210093478211747
"knn";"pest";"uk";"knn";"diff";"none";6;5;"ro";16983,33;14756,9433333333;4265258,17413111;8,61284379723084;-0,0275505271245793
"knn";"pest";"uk";"knn";"diff";"none";6;1;"sa";19300;18532,41;589194,4081;4,05784352622527;-Inf
"knn";"pest";"uk";"knn";"diff";"none";6;2;"sa";19605,67;18537,61;864973,285849998;4,82904802388517;-36,0302847955843
"knn";"pest";"uk";"knn";"diff";"none";6;3;"sa";15023,07;17916,02;3366368,75806667;9,07451597221975;0,230755025418813
"knn";"pest";"uk";"knn";"diff";"none";6;4;"sa";14794,06;18193,4566666667;5413750,99288611;11,9584371105024;-0,0449577499247784
"knn";"pest";"uk";"knn";"diff";"none";6;5;"sa";16983,33;15217,93;4954328,22630889;11,7597073552758;-0,193555553417103
"arima";"pest";"usa";"arima";"none";"none";0;1;"ro";457385,42;442393,29269575;224763881,106825;3,33240319930062;-Inf
"arima";"pest";"usa";"arima";"none";"none";0;2;"ro";495672,67;450525,469029182;1131516818,30311;6,43763361886137;-2,08754045475753
"arima";"pest";"usa";"arima";"none";"none";0;3;"ro";474707,49;489340,227083739;825716877,056015;5,3036515144423;-2,36949913790876
"arima";"pest";"usa";"arima";"none";"none";0;4;"ro";433770,9;468106,714838928;914024702,955306;5,88131259498031;-0,768199076695296
"arima";"pest";"usa";"arima";"none";"none";0;5;"ro";467676,6;430611,452448086;1005984794,97328;6,35552944953937;-1,42768578361978
"arima";"pest";"usa";"arima";"none";"none";0;1;"sa";457385,42;442393,29269575;224763881,106825;3,33240319930062;-Inf
"arima";"pest";"usa";"arima";"none";"none";0;2;"sa";495672,67;436579,368739078;1858391067,51045;8,00497038806174;-4,07094327621518
"arima";"pest";"usa";"arima";"none";"none";0;3;"sa";474707,49;431961,495445063;1848000728,50388;8,47972672194467;-6,54112824210343
"arima";"pest";"usa";"arima";"none";"none";0;4;"sa";433770,9;428293,619167612;1393500697,70712;6,67747896827623;-1,6957549824345
"arima";"pest";"usa";"arima";"none";"none";0;5;"sa";467676,6;425380,304849499;1472595874,85735;7,236433345526;-2,55373171470578
"knn";"pest";"usa";"knn";"diff";"none";6;1;"ro";457385,42;448837,706;73063414,6257956;1,88644799603138;-Inf
"knn";"pest";"usa";"knn";"diff";"none";6;2;"ro";495672,67;462472,678;587651441,712929;4,40825068413388;-0,603509174796215
"knn";"pest";"usa";"knn";"diff";"none";6;3;"ro";474707,49;496351,453;547921339,257075;4,42476919743073;-1,23590013910214
"knn";"pest";"usa";"knn";"diff";"none";6;4;"ro";433770,9;473468,422;804914317,677927;5,50639664074509;-0,557122853173619
"knn";"pest";"usa";"knn";"diff";"none";6;5;"ro";467676,6;438278,712;816778617,91445;5,70310133501328;-0,971085297693983
"knn";"pest";"usa";"knn";"diff";"none";6;1;"sa";457385,42;448837,706;73063414,6257956;1,88644799603138;-Inf
"knn";"pest";"usa";"knn";"diff";"none";6;2;"sa";495672,67;451143,554;1027952793,18362;5,64626085683487;-1,80494799829413
"knn";"pest";"usa";"knn";"diff";"none";6;3;"sa";474707,49;446894,737;943151605,268753;5,77608693928207;-2,84871450393612
"knn";"pest";"usa";"knn";"diff";"none";6;4;"sa";433770,9;442358,819;725801792,139205;4,82217065424597;-0,404078089547091
"knn";"pest";"usa";"knn";"diff";"none";6;5;"sa";467676,6;437822,9;758890114,449364;5,17650920079749;-0,831386270830514
